Workbook

Sheet 说明
A1: 控温极限测试记录
A2: 双工位反应主机 · 现场自己填，汇总表自动算
B4: 怎么看颜色
B5: 黄底蓝字：你填的数。
B6: 黑字浅蓝底：公式自动算的，别手改。
B7: 淡黄底那一行：示例值，只是告诉你格式，填自己的数直接覆盖。
B8: 怎么填
B9: 1. 每张表先填顶上的「测试条件」（日期、目标、到达方式、环境温度……）。
B10: 2. 按时间点抄参数窗「实时状态」里的数：夹套温度 / 输出 / 电流。输出填窗里显示的百分数本身（显示 90.0 % 就填 90）。
B11: 3. 时间列已按 1 min（恒温表 2 min）预填，间隔改了就改 A 列的数，公式按 A 列实际值算。
B12: 4. 「换向与死区」是事件记录：每一次下发 / 换挡 / 停控记一行，IO8R 四只继电器的位置照灯抄（合 / 断）。
B13: 5. 「结果汇总」不用填，全是从各表拉过来的；最后连这张一起发回来。
B14: 数据来源
B15: 参数窗（顶栏机器图标）「实时状态」组：工位 A/B 夹套温度、目标、输出、电流、变温斜率。
... B24: 淡黄底 = 示例行

Sheet 最低温
A1: 最低温
A2: 清单 ⑯：两工位同时「尽快」降到超温下限附近，看能到多低、多快、电流多大、两路同时满载电源顶不顶得住
A4: 日期 | D4: 操作人
A5: 环境温度 ℃ | B5: 25 | D5: 冷却水温度 ℃ | E5: 20
A6: 工位 A 目标 ℃ | B6: -30 | D6: 工位 B 目标 ℃ | E6: -30
A7: 到达方式 | B7: 尽快 | D7: LIMITED 最大功率 % | E7: 90
A8: 补丁版本 | B8: 0321 | D8: 备注
A10: 时间 min | B10: A 夹套 ℃ | C10: A 输出 % | D10: A 电流 A | E10: B 夹套 ℃ | F10: B 输出 % | G10: B 电流 A | H10: 备注 | I10: A 到达? | J10: B 到达? | L10: 汇总（自动算） | M10: 值
A11: 0 | B11: 23.5 | C11: 90 | D11: 4.2 | E11: 23.4 | F11: 90 | G11: 4.1 | H11: 示例值，覆盖 | I11: =IF(AND(B11<>"",$B$6<>""),IF(B11<=$B$6+0.5,1,0),"") -> 0 | J11: =IF(AND(E11<>"",$E$6<>""),IF(E11<=$E$6+0.5,1,0),"") -> 0 | L11: A 最低温 ℃ | M11: =IF(COUNT(B11:B70)=0,"",MIN(B11:B70)) -> 23.5
A12: 1 | I12: =IF(AND(B12<>"",$B$6<>""),IF(B12<=$B$6+0.5,1,0),"") | J12: =IF(AND(E12<>"",$E$6<>""),IF(E12<=$E$6+0.5,1,0),"") | L12: A 到达用时 min（首次 ≤ 目标+0.5） | M12: =IFERROR(INDEX($A$11:$A$70,MATCH(1,I11:I70,0)),"未到") -> 未到
A13: 2 | I13: =IF(AND(B13<>"",$B$6<>""),IF(B13<=$B$6+0.5,1,0),"") | J13: =IF(AND(E13<>"",$E$6<>""),IF(E13<=$E$6+0.5,1,0),"") | L13: A 最低温与目标差 ℃ | M13: =IF(OR(M11="",$B$6=""),"",M11-$B$6) -> 53.5
A14: 3 | I14: =IF(AND(B14<>"",$B$6<>""),IF(B14<=$B$6+0.5,1,0),"") | J14: =IF(AND(E14<>"",$E$6<>""),IF(E14<=$E$6+0.5,1,0),"") | L14: A 前 10 min 平均降温速率 ℃/min | M14: =IF(OR(B11="",B21="",A21=A11),"",(B11-B21)/(A21-A11))
A15: 4 | I15: =IF(AND(B15<>"",$B$6<>""),IF(B15<=$B$6+0.5,1,0),"") | J15: =IF(AND(E15<>"",$E$6<>""),IF(E15<=$E$6+0.5,1,0),"") | L15: A 输出平均 % | M15: =IF(COUNT(C11:C70)=0,"",AVERAGE(C11:C70)) -> 90
A16: 5 | I16: =IF(AND(B16<>"",$B$6<>""),IF(B16<=$B$6+0.5,1,0),"") | J16: =IF(AND(E16<>"",$E$6<>""),IF(E16<=$E$6+0.5,1,0),"") | L16: A 电流最大 A | M16: =IF(COUNT(D11:D70)=0,"",MAX(D11:D70)) -> 4.2
A17: 6 | I17: =IF(AND(B17<>"",$B$6<>""),IF(B17<=$B$6+0.5,1,0),"") | J17: =IF(AND(E17<>"",$E$6<>""),IF(E17<=$E$6+0.5,1,0),"")
A18: 7 | I18: =IF(AND(B18<>"",$B$6<>""),IF(B18<=$B$6+0.5,1,0),"") | J18: =IF(AND(E18<>"",$E$6<>""),IF(E18<=$E$6+0.5,1,0),"") | L18: B 最低温 ℃ | M18: =IF(COUNT(E11:E70)=0,"",MIN(E11:E70)) -> 23.4
A19: 8 | I19: =IF(AND(B19<>"",$B$6<>""),IF(B19<=$B$6+0.5,1,0),"") | J19: =IF(AND(E19<>"",$E$6<>""),IF(E19<=$E$6+0.5,1,0),"") | L19: B 到达用时 min（首次 ≤ 目标+0.5） | M19: =IFERROR(INDEX($A$11:$A$70,MATCH(1,J11:J70,0)),"未到") -> 未到
A20: 9 | I20: =IF(AND(B20<>"",$B$6<>""),IF(B20<=$B$6+0.5,1,0),"") | J20: =IF(AND(E20<>"",$E$6<>""),IF(E20<=$E$6+0.5,1,0),"") | L20: B 最低温与目标差 ℃ | M20: =IF(OR(M18="",$E$6=""),"",M18-$E$6) -> 53.4
A21: 10 | I21: =IF(AND(B21<>"",$B$6<>""),IF(B21<=$B$6+0.5,1,0),"") | J21: =IF(AND(E21<>"",$E$6<>""),IF(E21<=$E$6+0.5,1,0),"") | L21: B 前 10 min 平均降温速率 ℃/min | M21: =IF(OR(E11="",E21="",A21=A11),"",(E11-E21)/(A21-A11))
A22: 11 | I22: =IF(AND(B22<>"",$B$6<>""),IF(B22<=$B$6+0.5,1,0),"") | J22: =IF(AND(E22<>"",$E$6<>""),IF(E22<=$E$6+0.5,1,0),"") | L22: B 输出平均 % | M22: =IF(COUNT(F11:F70)=0,"",AVERAGE(F11:F70)) -> 90
A23: 12 | I23: =IF(AND(B23<>"",$B$6<>""),IF(B23<=$B$6+0.5,1,0),"") | J23: =IF(AND(E23<>"",$E$6<>""),IF(E23<=$E$6+0.5,1,0),"") | L23: B 电流最大 A | M23: =IF(COUNT(G11:G70)=0,"",MAX(G11:G70)) -> 4.1
A24: 13 | I24: =IF(AND(B24<>"",$B$6<>""),IF(B24<=$B$6+0.5,1,0),"") | J24: =IF(AND(E24<>"",$E$6<>""),IF(E24<=$E$6+0.5,1,0),"")
A25: 14 | I25: =IF(AND(B25<>"",$B$6<>""),IF(B25<=$B$6+0.5,1,0),"") | J25: =IF(AND(E25<>"",$E$6<>""),IF(E25<=$E$6+0.5,1,0),"")
A26: 15 | I26: =IF(AND(B26<>"",$B$6<>""),IF(B26<=$B$6+0.5,1,0),"") | J26: =IF(AND(E26<>"",$E$6<>""),IF(E26<=$E$6+0.5,1,0),"")
A27: 16 | I27: =IF(AND(B27<>"",$B$6<>""),IF(B27<=$B$6+0.5,1,0),"") | J27: =IF(AND(E27<>"",$E$6<>""),IF(E27<=$E$6+0.5,1,0),"")
A28: 17 | I28: =IF(AND(B28<>"",$B$6<>""),IF(B28<=$B$6+0.5,1,0),"") | J28: =IF(AND(E28<>"",$E$6<>""),IF(E28<=$E$6+0.5,1,0),"")
A29: 18 | I29: =IF(AND(B29<>"",$B$6<>""),IF(B29<=$B$6+0.5,1,0),"") | J29: =IF(AND(E29<>"",$E$6<>""),IF(E29<=$E$6+0.5,1,0),"")
A30: 19 | I30: =IF(AND(B30<>"",$B$6<>""),IF(B30<=$B$6+0.5,1,0),"") | J30: =IF(AND(E30<>"",$E$6<>""),IF(E30<=$E$6+0.5,1,0),"")
A31: 20 | I31: =IF(AND(B31<>"",$B$6<>""),IF(B31<=$B$6+0.5,1,0),"") | J31: =IF(AND(E31<>"",$E$6<>""),IF(E31<=$E$6+0.5,1,0),"")
A32: 21 | I32: =IF(AND(B32<>"",$B$6<>""),IF(B32<=$B$6+0.5,1,0),"") | J32: =IF(AND(E32<>"",$E$6<>""),IF(E32<=$E$6+0.5,1,0),"")
A33: 22 | I33: =IF(AND(B33<>"",$B$6<>""),IF(B33<=$B$6+0.5,1,0),"") | J33: =IF(AND(E33<>"",$E$6<>""),IF(E33<=$E$6+0.5,1,0),"")
A34: 23 | I34: =IF(AND(B34<>"",$B$6<>""),IF(B34<=$B$6+0.5,1,0),"") | J34: =IF(AND(E34<>"",$E$6<>""),IF(E34<=$E$6+0.5,1,0),"")
A35: 24 | I35: =IF(AND(B35<>"",$B$6<>""),IF(B35<=$B$6+0.5,1,0),"") | J35: =IF(AND(E35<>"",$E$6<>""),IF(E35<=$E$6+0.5,1,0),"")
... A70: 59 | I70: =IF(AND(B70<>"",$B$6<>""),IF(B70<=$B$6+0.5,1,0),"") | J70: =IF(AND(E70<>"",$E$6<>""),IF(E70<=$E$6+0.5,1,0),"")

Sheet 最高温
A1: 最高温
A2: 清单 ⑰：「尽快」升到超温上限附近（电加热段），看切电加热顺不顺、到温过冲多少
A4: 日期 | D4: 操作人
A5: 环境温度 ℃ | B5: 25 | D5: 电加热切换阈值 ℃ | E5: 90
A6: 工位 A 目标 ℃ | B6: 150 | D6: 工位 B 目标 ℃ | E6: 150
A7: 到达方式 | B7: 尽快 | D7: 超温上限 ℃ | E7: 180
A8: A 切到电加热的时刻 min | B8: 0 | D8: B 切到电加热的时刻 min | E8: 0
A9: 补丁版本 | B9: 0321 | D9: 备注
A11: 时间 min | B11: A 夹套 ℃ | C11: A 输出 % | D11: A 电流 A | E11: B 夹套 ℃ | F11: B 输出 % | G11: B 电流 A | H11: 备注 | I11: A 到达? | J11: B 到达? | L11: 汇总（自动算） | M11: 值
A12: 0 | B12: 24 | C12: 90 | D12: 3.8 | E12: 24.1 | F12: 90 | G12: 3.9 | H12: 示例值，覆盖 | I12: =IF(AND(B12<>"",$B$6<>""),IF(B12>=$B$6-0.5,1,0),"") -> 0 | J12: =IF(AND(E12<>"",$E$6<>""),IF(E12>=$E$6-0.5,1,0),"") -> 0 | L12: A 最高温 ℃ | M12: =IF(COUNT(B12:B71)=0,"",MAX(B12:B71)) -> 24
A13: 1 | I13: =IF(AND(B13<>"",$B$6<>""),IF(B13>=$B$6-0.5,1,0),"") | J13: =IF(AND(E13<>"",$E$6<>""),IF(E13>=$E$6-0.5,1,0),"") | L13: A 到达用时 min（首次 ≥ 目标−0.5） | M13: =IFERROR(INDEX($A$12:$A$71,MATCH(1,I12:I71,0)),"未到") -> 未到
A14: 2 | I14: =IF(AND(B14<>"",$B$6<>""),IF(B14>=$B$6-0.5,1,0),"") | J14: =IF(AND(E14<>"",$E$6<>""),IF(E14>=$E$6-0.5,1,0),"") | L14: A 过冲 ℃（最高温−目标） | M14: =IF(OR(M12="",$B$6=""),"",MAX(0,M12-$B$6)) -> 0
A15: 3 | I15: =IF(AND(B15<>"",$B$6<>""),IF(B15>=$B$6-0.5,1,0),"") | J15: =IF(AND(E15<>"",$E$6<>""),IF(E15>=$E$6-0.5,1,0),"") | L15: A 前 10 min 平均升温速率 ℃/min | M15: =IF(OR(B12="",B22="",A22=A12),"",(B22-B12)/(A22-A12))
A16: 4 | I16: =IF(AND(B16<>"",$B$6<>""),IF(B16>=$B$6-0.5,1,0),"") | J16: =IF(AND(E16<>"",$E$6<>""),IF(E16>=$E$6-0.5,1,0),"") | L16: A 输出平均 % | M16: =IF(COUNT(C12:C71)=0,"",AVERAGE(C12:C71)) -> 90
A17: 5 | I17: =IF(AND(B17<>"",$B$6<>""),IF(B17>=$B$6-0.5,1,0),"") | J17: =IF(AND(E17<>"",$E$6<>""),IF(E17>=$E$6-0.5,1,0),"") | L17: A 电流最大 A | M17: =IF(COUNT(D12:D71)=0,"",MAX(D12:D71)) -> 3.8
A18: 6 | I18: =IF(AND(B18<>"",$B$6<>""),IF(B18>=$B$6-0.5,1,0),"") | J18: =IF(AND(E18<>"",$E$6<>""),IF(E18>=$E$6-0.5,1,0),"")
A19: 7 | I19: =IF(AND(B19<>"",$B$6<>""),IF(B19>=$B$6-0.5,1,0),"") | J19: =IF(AND(E19<>"",$E$6<>""),IF(E19>=$E$6-0.5,1,0),"") | L19: B 最高温 ℃ | M19: =IF(COUNT(E12:E71)=0,"",MAX(E12:E71)) -> 24.1
A20: 8 | I20: =IF(AND(B20<>"",$B$6<>""),IF(B20>=$B$6-0.5,1,0),"") | J20: =IF(AND(E20<>"",$E$6<>""),IF(E20>=$E$6-0.5,1,0),"") | L20: B 到达用时 min（首次 ≥ 目标−0.5） | M20: =IFERROR(INDEX($A$12:$A$71,MATCH(1,J12:J71,0)),"未到") -> 未到
A21: 9 | I21: =IF(AND(B21<>"",$B$6<>""),IF(B21>=$B$6-0.5,1,0),"") | J21: =IF(AND(E21<>"",$E$6<>""),IF(E21>=$E$6-0.5,1,0),"") | L21: B 过冲 ℃（最高温−目标） | M21: =IF(OR(M19="",$E$6=""),"",MAX(0,M19-$E$6)) -> 0
A22: 10 | I22: =IF(AND(B22<>"",$B$6<>""),IF(B22>=$B$6-0.5,1,0),"") | J22: =IF(AND(E22<>"",$E$6<>""),IF(E22>=$E$6-0.5,1,0),"") | L22: B 前 10 min 平均升温速率 ℃/min | M22: =IF(OR(E12="",E22="",A22=A12),"",(E22-E12)/(A22-A12))
A23: 11 | I23: =IF(AND(B23<>"",$B$6<>""),IF(B23>=$B$6-0.5,1,0),"") | J23: =IF(AND(E23<>"",$E$6<>""),IF(E23>=$E$6-0.5,1,0),"") | L23: B 输出平均 % | M23: =IF(COUNT(F12:F71)=0,"",AVERAGE(F12:F71)) -> 90
A24: 12 | I24: =IF(AND(B24<>"",$B$6<>""),IF(B24>=$B$6-0.5,1,0),"") | J24: =IF(AND(E24<>"",$E$6<>""),IF(E24>=$E$6-0.5,1,0),"") | L24: B 电流最大 A | M24: =IF(COUNT(G12:G71)=0,"",MAX(G12:G71)) -> 3.9
A25: 13 | I25: =IF(AND(B25<>"",$B$6<>""),IF(B25>=$B$6-0.5,1,0),"") | J25: =IF(AND(E25<>"",$E$6<>""),IF(E25>=$E$6-0.5,1,0),"")
A26: 14 | I26: =IF(AND(B26<>"",$B$6<>""),IF(B26>=$B$6-0.5,1,0),"") | J26: =IF(AND(E26<>"",$E$6<>""),IF(E26>=$E$6-0.5,1,0),"")
A27: 15 | I27: =IF(AND(B27<>"",$B$6<>""),IF(B27>=$B$6-0.5,1,0),"") | J27: =IF(AND(E27<>"",$E$6<>""),IF(E27>=$E$6-0.5,1,0),"")
A28: 16 | I28: =IF(AND(B28<>"",$B$6<>""),IF(B28>=$B$6-0.5,1,0),"") | J28: =IF(AND(E28<>"",$E$6<>""),IF(E28>=$E$6-0.5,1,0),"")
A29: 17 | I29: =IF(AND(B29<>"",$B$6<>""),IF(B29>=$B$6-0.5,1,0),"") | J29: =IF(AND(E29<>"",$E$6<>""),IF(E29>=$E$6-0.5,1,0),"")
A30: 18 | I30: =IF(AND(B30<>"",$B$6<>""),IF(B30>=$B$6-0.5,1,0),"") | J30: =IF(AND(E30<>"",$E$6<>""),IF(E30>=$E$6-0.5,1,0),"")
A31: 19 | I31: =IF(AND(B31<>"",$B$6<>""),IF(B31>=$B$6-0.5,1,0),"") | J31: =IF(AND(E31<>"",$E$6<>""),IF(E31>=$E$6-0.5,1,0),"")
A32: 20 | I32: =IF(AND(B32<>"",$B$6<>""),IF(B32>=$B$6-0.5,1,0),"") | J32: =IF(AND(E32<>"",$E$6<>""),IF(E32>=$E$6-0.5,1,0),"")
A33: 21 | I33: =IF(AND(B33<>"",$B$6<>""),IF(B33>=$B$6-0.5,1,0),"") | J33: =IF(AND(E33<>"",$E$6<>""),IF(E33>=$E$6-0.5,1,0),"")
A34: 22 | I34: =IF(AND(B34<>"",$B$6<>""),IF(B34>=$B$6-0.5,1,0),"") | J34: =IF(AND(E34<>"",$E$6<>""),IF(E34>=$E$6-0.5,1,0),"")
A35: 23 | I35: =IF(AND(B35<>"",$B$6<>""),IF(B35>=$B$6-0.5,1,0),"") | J35: =IF(AND(E35<>"",$E$6<>""),IF(E35>=$E$6-0.5,1,0),"")
A36: 24 | I36: =IF(AND(B36<>"",$B$6<>""),IF(B36>=$B$6-0.5,1,0),"") | J36: =IF(AND(E36<>"",$E$6<>""),IF(E36>=$E$6-0.5,1,0),"")
... A71: 59 | I71: =IF(AND(B71<>"",$B$6<>""),IF(B71>=$B$6-0.5,1,0),"") | J71: =IF(AND(E71<>"",$E$6<>""),IF(E71>=$E$6-0.5,1,0),"")

Sheet 尽快vs按速率
A1: 尽快vs按速率
A2: 清单 ⑱：A 尽快、B 按速率，同一目标同时下发；两路曲线形状不同是对的，看 B 跟不跟得上它的内部设定值
A4: 日期 | D4: 操作人
A5: 目标 ℃（两路同一个） | B5: 0 | D5: B 的速率 ℃/min | E5: 0.5
A6: A 起始夹套 ℃ | B6: 23.5 | D6: B 起始夹套 ℃ | E6: 23.4
A7: LIMITED 最大功率 % | B7: 90 | D7: 补丁版本 | E7: 0321
A9: 时间 min | B9: A 夹套 ℃ | C9: A 输出 % | D9: B 夹套 ℃ | E9: B 输出 % | F9: B 内部设定值 ℃（算） | G9: B 跟踪偏差 ℃（算） | H9: 备注 | I9: A 到达? | J9: B 到达? | L9: 汇总（自动算） | M9: 值
A10: 0 | B10: 23.5 | C10: 90 | D10: 23.4 | E10: 4.5 | F10: =IF(OR($B$5="",$E$6="",$E$5=""),"",IF($B$5<$E$6,MAX($B$5,$E$6-$E$5*A10),MIN($B$5,$E$6+$E$5*A10))) -> 23.4 | G10: =IF(OR(D10="",F10=""),"",D10-F10) -> 0 | H10: 示例值，覆盖 | I10: =IF(AND(B10<>"",$B$5<>""),IF(ABS(B10-$B$5)<=0.5,1,0),"") -> 0 | J10: =IF(AND(D10<>"",$B$5<>""),IF(ABS(D10-$B$5)<=0.5,1,0),"") -> 0 | L10: A 到达用时 min（首次到目标 ±0.5） | M10: =IFERROR(INDEX($A$10:$A$59,MATCH(1,I10:I59,0)),"未到") -> 未到
A11: 1 | F11: =IF(OR($B$5="",$E$6="",$E$5=""),"",IF($B$5<$E$6,MAX($B$5,$E$6-$E$5*A11),MIN($B$5,$E$6+$E$5*A11))) -> 22.9 | G11: =IF(OR(D11="",F11=""),"",D11-F11) | I11: =IF(AND(B11<>"",$B$5<>""),IF(ABS(B11-$B$5)<=0.5,1,0),"") | J11: =IF(AND(D11<>"",$B$5<>""),IF(ABS(D11-$B$5)<=0.5,1,0),"") | L11: B 到达用时 min（首次到目标 ±0.5） | M11: =IFERROR(INDEX($A$10:$A$59,MATCH(1,J10:J59,0)),"未到") -> 未到
A12: 2 | F12: =IF(OR($B$5="",$E$6="",$E$5=""),"",IF($B$5<$E$6,MAX($B$5,$E$6-$E$5*A12),MIN($B$5,$E$6+$E$5*A12))) -> 22.4 | G12: =IF(OR(D12="",F12=""),"",D12-F12) | I12: =IF(AND(B12<>"",$B$5<>""),IF(ABS(B12-$B$5)<=0.5,1,0),"") | J12: =IF(AND(D12<>"",$B$5<>""),IF(ABS(D12-$B$5)<=0.5,1,0),"") | L12: B 按速率理论用时 min | M12: =IF(OR($B$5="",$E$6="",$E$5=""),"",ABS($E$6-$B$5)/$E$5) -> 46.8
A13: 3 | F13: =IF(OR($B$5="",$E$6="",$E$5=""),"",IF($B$5<$E$6,MAX($B$5,$E$6-$E$5*A13),MIN($B$5,$E$6+$E$5*A13))) -> 21.9 | G13: =IF(OR(D13="",F13=""),"",D13-F13) | I13: =IF(AND(B13<>"",$B$5<>""),IF(ABS(B13-$B$5)<=0.5,1,0),"") | J13: =IF(AND(D13<>"",$B$5<>""),IF(ABS(D13-$B$5)<=0.5,1,0),"") | L13: B 最大跟踪偏差 ℃ | M13: =IF(COUNT(G10:G59)=0,"",MAX(ABS(MIN(G10:G59)),ABS(MAX(G10:G59)))) -> 0
A14: 4 | F14: =IF(OR($B$5="",$E$6="",$E$5=""),"",IF($B$5<$E$6,MAX($B$5,$E$6-$E$5*A14),MIN($B$5,$E$6+$E$5*A14))) -> 21.4 | G14: =IF(OR(D14="",F14=""),"",D14-F14) | I14: =IF(AND(B14<>"",$B$5<>""),IF(ABS(B14-$B$5)<=0.5,1,0),"") | J14: =IF(AND(D14<>"",$B$5<>""),IF(ABS(D14-$B$5)<=0.5,1,0),"") | L14: A 输出平均 % | M14: =IF(COUNT(C10:C59)=0,"",AVERAGE(C10:C59)) -> 90
A15: 5 | F15: =IF(OR($B$5="",$E$6="",$E$5=""),"",IF($B$5<$E$6,MAX($B$5,$E$6-$E$5*A15),MIN($B$5,$E$6+$E$5*A15))) -> 20.9 | G15: =IF(OR(D15="",F15=""),"",D15-F15) | I15: =IF(AND(B15<>"",$B$5<>""),IF(ABS(B15-$B$5)<=0.5,1,0),"") | J15: =IF(AND(D15<>"",$B$5<>""),IF(ABS(D15-$B$5)<=0.5,1,0),"") | L15: B 输出平均 % | M15: =IF(COUNT(E10:E59)=0,"",AVERAGE(E10:E59)) -> 4.5
A16: 6 | F16: =IF(OR($B$5="",$E$6="",$E$5=""),"",IF($B$5<$E$6,MAX($B$5,$E$6-$E$5*A16),MIN($B$5,$E$6+$E$5*A16))) -> 20.4 | G16: =IF(OR(D16="",F16=""),"",D16-F16) | I16: =IF(AND(B16<>"",$B$5<>""),IF(ABS(B16-$B$5)<=0.5,1,0),"") | J16: =IF(AND(D16<>"",$B$5<>""),IF(ABS(D16-$B$5)<=0.5,1,0),"")
A17: 7 | F17: =IF(OR($B$5="",$E$6="",$E$5=""),"",IF($B$5<$E$6,MAX($B$5,$E$6-$E$5*A17),MIN($B$5,$E$6+$E$5*A17))) -> 19.9 | G17: =IF(OR(D17="",F17=""),"",D17-F17) | I17: =IF(AND(B17<>"",$B$5<>""),IF(ABS(B17-$B$5)<=0.5,1,0),"") | J17: =IF(AND(D17<>"",$B$5<>""),IF(ABS(D17-$B$5)<=0.5,1,0),"")
A18: 8 | F18: =IF(OR($B$5="",$E$6="",$E$5=""),"",IF($B$5<$E$6,MAX($B$5,$E$6-$E$5*A18),MIN($B$5,$E$6+$E$5*A18))) -> 19.4 | G18: =IF(OR(D18="",F18=""),"",D18-F18) | I18: =IF(AND(B18<>"",$B$5<>""),IF(ABS(B18-$B$5)<=0.5,1,0),"") | J18: =IF(AND(D18<>"",$B$5<>""),IF(ABS(D18-$B$5)<=0.5,1,0),"")
A19: 9 | F19: =IF(OR($B$5="",$E$6="",$E$5=""),"",IF($B$5<$E$6,MAX($B$5,$E$6-$E$5*A19),MIN($B$5,$E$6+$E$5*A19))) -> 18.9 | G19: =IF(OR(D19="",F19=""),"",D19-F19) | I19: =IF(AND(B19<>"",$B$5<>""),IF(ABS(B19-$B$5)<=0.5,1,0),"") | J19: =IF(AND(D19<>"",$B$5<>""),IF(ABS(D19-$B$5)<=0.5,1,0),"")
A20: 10 | F20: =IF(OR($B$5="",$E$6="",$E$5=""),"",IF($B$5<$E$6,MAX($B$5,$E$6-$E$5*A20),MIN($B$5,$E$6+$E$5*A20))) -> 18.4 | G20: =IF(OR(D20="",F20=""),"",D20-F20) | I20: =IF(AND(B20<>"",$B$5<>""),IF(ABS(B20-$B$5)<=0.5,1,0),"") | J20: =IF(AND(D20<>"",$B$5<>""),IF(ABS(D20-$B$5)<=0.5,1,0),"")
A21: 11 | F21: =IF(OR($B$5="",$E$6="",$E$5=""),"",IF($B$5<$E$6,MAX($B$5,$E$6-$E$5*A21),MIN($B$5,$E$6+$E$5*A21))) -> 17.9 | G21: =IF(OR(D21="",F21=""),"",D21-F21) | I21: =IF(AND(B21<>"",$B$5<>""),IF(ABS(B21-$B$5)<=0.5,1,0),"") | J21: =IF(AND(D21<>"",$B$5<>""),IF(ABS(D21-$B$5)<=0.5,1,0),"")
A22: 12 | F22: =IF(OR($B$5="",$E$6="",$E$5=""),"",IF($B$5<$E$6,MAX($B$5,$E$6-$E$5*A22),MIN($B$5,$E$6+$E$5*A22))) -> 17.4 | G22: =IF(OR(D22="",F22=""),"",D22-F22) | I22: =IF(AND(B22<>"",$B$5<>""),IF(ABS(B22-$B$5)<=0.5,1,0),"") | J22: =IF(AND(D22<>"",$B$5<>""),IF(ABS(D22-$B$5)<=0.5,1,0),"")
A23: 13 | F23: =IF(OR($B$5="",$E$6="",$E$5=""),"",IF($B$5<$E$6,MAX($B$5,$E$6-$E$5*A23),MIN($B$5,$E$6+$E$5*A23))) -> 16.9 | G23: =IF(OR(D23="",F23=""),"",D23-F23) | I23: =IF(AND(B23<>"",$B$5<>""),IF(ABS(B23-$B$5)<=0.5,1,0),"") | J23: =IF(AND(D23<>"",$B$5<>""),IF(ABS(D23-$B$5)<=0.5,1,0),"")
A24: 14 | F24: =IF(OR($B$5="",$E$6="",$E$5=""),"",IF($B$5<$E$6,MAX($B$5,$E$6-$E$5*A24),MIN($B$5,$E$6+$E$5*A24))) -> 16.4 | G24: =IF(OR(D24="",F24=""),"",D24-F24) | I24: =IF(AND(B24<>"",$B$5<>""),IF(ABS(B24-$B$5)<=0.5,1,0),"") | J24: =IF(AND(D24<>"",$B$5<>""),IF(ABS(D24-$B$5)<=0.5,1,0),"")
A25: 15 | F25: =IF(OR($B$5="",$E$6="",$E$5=""),"",IF($B$5<$E$6,MAX($B$5,$E$6-$E$5*A25),MIN($B$5,$E$6+$E$5*A25))) -> 15.9 | G25: =IF(OR(D25="",F25=""),"",D25-F25) | I25: =IF(AND(B25<>"",$B$5<>""),IF(ABS(B25-$B$5)<=0.5,1,0),"") | J25: =IF(AND(D25<>"",$B$5<>""),IF(ABS(D25-$B$5)<=0.5,1,0),"")
A26: 16 | F26: =IF(OR($B$5="",$E$6="",$E$5=""),"",IF($B$5<$E$6,MAX($B$5,$E$6-$E$5*A26),MIN($B$5,$E$6+$E$5*A26))) -> 15.4 | G26: =IF(OR(D26="",F26=""),"",D26-F26) | I26: =IF(AND(B26<>"",$B$5<>""),IF(ABS(B26-$B$5)<=0.5,1,0),"") | J26: =IF(AND(D26<>"",$B$5<>""),IF(ABS(D26-$B$5)<=0.5,1,0),"")
A27: 17 | F27: =IF(OR($B$5="",$E$6="",$E$5=""),"",IF($B$5<$E$6,MAX($B$5,$E$6-$E$5*A27),MIN($B$5,$E$6+$E$5*A27))) -> 14.9 | G27: =IF(OR(D27="",F27=""),"",D27-F27) | I27: =IF(AND(B27<>"",$B$5<>""),IF(ABS(B27-$B$5)<=0.5,1,0),"") | J27: =IF(AND(D27<>"",$B$5<>""),IF(ABS(D27-$B$5)<=0.5,1,0),"")
... A59: 49 | F59: =IF(OR($B$5="",$E$6="",$E$5=""),"",IF($B$5<$E$6,MAX($B$5,$E$6-$E$5*A59),MIN($B$5,$E$6+$E$5*A59))) -> 0 | G59: =IF(OR(D59="",F59=""),"",D59-F59) | I59: =IF(AND(B59<>"",$B$5<>""),IF(ABS(B59-$B$5)<=0.5,1,0),"") | J59: =IF(AND(D59<>"",$B$5<>""),IF(ABS(D59-$B$5)<=0.5,1,0),"")

Sheet 恒温稳定性
A1: 恒温稳定性
A2: 清单 ⑳：在一个温度恒温 2 h，看 Tj / Tr 的波动和继电器有没有抖
A4: 日期 | D4: 操作人
A5: 恒温目标 ℃ | B5: 25 | D5: 环境温度 ℃ | E5: 25
A6: 热源死区 K | B6: 2 | D6: 补丁版本 | E6: 0321
A8: 时间 min | B8: A Tj ℃ | C8: A Tr ℃ | D8: B Tj ℃ | E8: B Tr ℃ | F8: 继电器动作 次 | G8: 备注 | I8: 汇总（自动算） | J8: 值
A9: 0 | B9: 25.1 | C9: 25 | D9: 25.2 | E9: 25 | F9: 0 | G9: 示例值，覆盖 | I9: A Tj 平均 ℃ | J9: =IF(COUNT(B9:B69)=0,"",AVERAGE(B9:B69)) -> 25.1
A10: 2 | I10: A Tj 峰峰值 ℃ | J10: =IF(COUNT(B9:B69)=0,"",MAX(B9:B69)-MIN(B9:B69)) -> 0
A11: 4 | I11: A Tj 波动 ± ℃ | J11: =IF(COUNT(B9:B69)=0,"",(MAX(B9:B69)-MIN(B9:B69))/2) -> 0
A12: 6 | I12: A Tj 标准差 ℃ | J12: =IF(COUNT(B9:B69)<2,"",STDEV(B9:B69))
A13: 8 | I13: A Tr 峰峰值 ℃ | J13: =IF(COUNT(C9:C69)=0,"",MAX(C9:C69)-MIN(C9:C69)) -> 0
A14: 10 | I14: A Tr 平均与目标差 ℃ | J14: =IF(OR(COUNT(C9:C69)=0,$B$5=""),"",AVERAGE(C9:C69)-$B$5) -> 0
A15: 12
A16: 14 | I16: B Tj 平均 ℃ | J16: =IF(COUNT(D9:D69)=0,"",AVERAGE(D9:D69)) -> 25.2
A17: 16 | I17: B Tj 峰峰值 ℃ | J17: =IF(COUNT(D9:D69)=0,"",MAX(D9:D69)-MIN(D9:D69)) -> 0
A18: 18 | I18: B Tj 波动 ± ℃ | J18: =IF(COUNT(D9:D69)=0,"",(MAX(D9:D69)-MIN(D9:D69))/2) -> 0
A19: 20 | I19: B Tj 标准差 ℃ | J19: =IF(COUNT(D9:D69)<2,"",STDEV(D9:D69))
A20: 22 | I20: B Tr 峰峰值 ℃ | J20: =IF(COUNT(E9:E69)=0,"",MAX(E9:E69)-MIN(E9:E69)) -> 0
A21: 24 | I21: B Tr 平均与目标差 ℃ | J21: =IF(OR(COUNT(E9:E69)=0,$B$5=""),"",AVERAGE(E9:E69)-$B$5) -> 0
A22: 26
A23: 28 | I23: 继电器动作总次数 | J23: =IF(COUNT(F9:F69)=0,"",SUM(F9:F69)) -> 0
A24: 30
A25: 32
A26: 34
A27: 36
A28: 38
A29: 40
A30: 42
A31: 44
A32: 46
A33: 48
A34: 50
A35: 52
... A69: 120

Sheet 换向与死区
A1: 换向与死区
A2: 清单 ⑨ ⑩ ⑲：每次下发 / 自动换挡 / 停控记一行，四只继电器的位置照 IO8R 的灯抄
A4: 日期 | D4: 操作人
A5: 热源死区 K | B5: 2 | D5: 回切滞回 K | E5: 5
A6: 补丁版本 | B6: 0321 | D6: 备注
A8: 时刻 hh:mm:ss | B8: 工位 | C8: 动作 | D8: 目标 ℃ | E8: 夹套 ℃ | F8: DO6 A·TEC | G8: DO7 B·TEC | H8: DO0 A·加热棒 | I8: DO1 B·加热棒 | J8: A 电流 A | K8: B 电流 A | L8: 备注 | M8: 检查（算）
A9: 10:03:15 | B9: A | C9: 下发目标 | D9: -10 | E9: 23.5 | F9: 合 | G9: 断 | H9: 断 | I9: 断 | J9: 4.2 | K9: 0 | L9: 示例行，覆盖 | M9: =IF(AND(F9="合",H9="合"),"⚠ A 两只同时合",IF(AND(G9="合",I9="合"),"⚠ B 两只同时合",""))
M10: =IF(AND(F10="合",H10="合"),"⚠ A 两只同时合",IF(AND(G10="合",I10="合"),"⚠ B 两只同时合",""))
M11: =IF(AND(F11="合",H11="合"),"⚠ A 两只同时合",IF(AND(G11="合",I11="合"),"⚠ B 两只同时合",""))
M12: =IF(AND(F12="合",H12="合"),"⚠ A 两只同时合",IF(AND(G12="合",I12="合"),"⚠ B 两只同时合",""))
M13: =IF(AND(F13="合",H13="合"),"⚠ A 两只同时合",IF(AND(G13="合",I13="合"),"⚠ B 两只同时合",""))
M14: =IF(AND(F14="合",H14="合"),"⚠ A 两只同时合",IF(AND(G14="合",I14="合"),"⚠ B 两只同时合",""))
M15: =IF(AND(F15="合",H15="合"),"⚠ A 两只同时合",IF(AND(G15="合",I15="合"),"⚠ B 两只同时合",""))
M16: =IF(AND(F16="合",H16="合"),"⚠ A 两只同时合",IF(AND(G16="合",I16="合"),"⚠ B 两只同时合",""))
M17: =IF(AND(F17="合",H17="合"),"⚠ A 两只同时合",IF(AND(G17="合",I17="合"),"⚠ B 两只同时合",""))
M18: =IF(AND(F18="合",H18="合"),"⚠ A 两只同时合",IF(AND(G18="合",I18="合"),"⚠ B 两只同时合",""))
M19: =IF(AND(F19="合",H19="合"),"⚠ A 两只同时合",IF(AND(G19="合",I19="合"),"⚠ B 两只同时合",""))
M20: =IF(AND(F20="合",H20="合"),"⚠ A 两只同时合",IF(AND(G20="合",I20="合"),"⚠ B 两只同时合",""))
M21: =IF(AND(F21="合",H21="合"),"⚠ A 两只同时合",IF(AND(G21="合",I21="合"),"⚠ B 两只同时合",""))
... M48: =IF(AND(F48="合",H48="合"),"⚠ A 两只同时合",IF(AND(G48="合",I48="合"),"⚠ B 两只同时合",""))
A50: 「检查」列自动算：同一工位加热棒和 TEC 功率线两只同时合是硬性禁止的，出现就截图发我。
A51: 自动换挡等 30 s 最短间隔、回切要等夹套凉到阈值−滞回：时刻列记准，事后能算间隔。

Sheet 结果汇总
A1: 结果汇总
A2: 不用填，全从各表拉过来；最后连这张一起发
A4: 项目 | B4: 工位 A | C4: 工位 B | D4: 说明
A5: 最低温 ℃ | B5: =最低温!M11 -> 23.5 | C5: =最低温!M18 -> 23.4 | D5: 清单 ⑯
A6: 最低温到达用时 min | B6: =最低温!M12 -> 未到 | C6: =最低温!M19 -> 未到 | D6: 首次 ≤ 目标 + 0.5
A7: 最低温与目标差 ℃ | B7: =最低温!M13 -> 53.5 | C7: =最低温!M20 -> 53.4 | D7: 负的 = 比目标还低
A8: 降温速率（前 10 min）℃/min | B8: =最低温!M14 | C8: =最低温!M21
A9: 降温时电流最大 A | B9: =最低温!M16 -> 4.2 | C9: =最低温!M23 -> 4.1 | D9: 几十毫安 = TEC 没吃到电
A10: 最高温 ℃ | B10: =最高温!M12 -> 24 | C10: =最高温!M19 -> 24.1 | D10: 清单 ⑰
A11: 最高温到达用时 min | B11: =最高温!M13 -> 未到 | C11: =最高温!M20 -> 未到
A12: 最高温过冲 ℃ | B12: =最高温!M14 -> 0 | C12: =最高温!M21 -> 0 | D12: 别顶到超温上限
A13: 升温速率（前 10 min）℃/min | B13: =最高温!M15 | C13: =最高温!M22
A14: 尽快 / 按速率 到达用时 min | B14: =尽快vs按速率!M10 -> 未到 | C14: =尽快vs按速率!M11 -> 未到 | D14: 清单 ⑱：A 尽快、B 按速率
A15: 按速率理论用时 min | B15: — | C15: =尽快vs按速率!M12 -> 46.8 | D15: B 实际用时该 ≈ 理论用时
A16: 按速率最大跟踪偏差 ℃ | B16: — | C16: =尽快vs按速率!M13 -> 0 | D16: 大了说明跟不上设定值
A17: 恒温 Tj 波动 ± ℃ | B17: =恒温稳定性!J11 -> 0 | C17: =恒温稳定性!J18 -> 0 | D17: 清单 ⑳
A18: 恒温 Tr 峰峰值 ℃ | B18: =恒温稳定性!J13 -> 0 | C18: =恒温稳定性!J20 -> 0
A19: 恒温 Tr 平均与目标差 ℃ | B19: =恒温稳定性!J14 -> 0 | C19: =恒温稳定性!J21 -> 0
A20: 恒温期间继电器动作次数 | B20: =恒温稳定性!J23 -> 0 | C20: — | D20: 正常应为 0
A21: 换向记录里「两只同时合」的次数 | B21: =SUMPRODUCT(--(LEN(换向与死区!M9:M48)>0)) -> 0 | C21: — | D21: 清单 ⑨：必须是 0
